Ideascale link,Project Website,Youtube link
https://cardano.ideascale.com/c/idea/103484,https://www.andamio.io/,https://youtu.be/aSlNRebLDwg
https://cardano.ideascale.com/c/idea/104780,https://www.andamio.io/,https://youtu.be/4kuNSS5a5W0
https://cardano.ideascale.com/c/idea/105679,https://www.andamio.io/,https://youtu.be/xJ2cJ0w9Zws
https://cardano.ideascale.com/c/idea/106731,https://www.andamio.io/,https://youtu.be/zDu_-ZkKM98
https://cardano.ideascale.com/c/idea/106355,https://www.andamio.io/,https://youtu.be/I6tj1cJ_6B8
https://cardano.ideascale.com/c/idea/104999,https://www.andamio.io/,https://youtu.be/CTOUkE5S398
https://cardano.ideascale.com/c/idea/103253,https://resi.works/,https://youtu.be/yZfW60AY4WA
https://cardano.ideascale.com/c/idea/103262,https://resi.works/,https://youtu.be/3CZx1J7BepA
https://cardano.ideascale.com/c/idea/103265,https://resi.works/,https://youtu.be/h8Jonc-99K4
https://cardano.ideascale.com/c/idea/102624,https://resi.works/,https://youtu.be/VZ0-CpelSKs
https://cardano.ideascale.com/c/idea/102993,https://photrek.io ,https://youtu.be/iBJMHjcCKnU
https://cardano.ideascale.com/c/idea/104446,https://2b3d.com/,https://youtu.be/PXZoFVXjZgc
https://cardano.ideascale.com/c/idea/102532,www.xerberus.io,https://youtu.be/WORP2ZelVmY
https://cardano.ideascale.com/c/idea/107013,aikiwiki.com,https://youtu.be/3M-JFJz0T7M
https://cardano.ideascale.com/c/idea/102640 ,https://kingsolomon.edu.vn,https://youtu.be/B-rntaLF67s
https://cardano.ideascale.com/c/idea/104995,,https://youtu.be/m7_Blah86uc
https://cardano.ideascale.com/c/idea/106766,,https://youtu.be/61pi0d2OBHE
https://cardano.ideascale.com/c/idea/103484,https://www.andamio.io/,https://youtu.be/3LJAtATMUp0
https://cardano.ideascale.com/c/idea/106937,,https://youtu.be/Gvnau_2SEm8
https://cardano.ideascale.com/c/idea/105945,https://studentreader.io,https://youtu.be/8N8VAYTIrsY
https://cardano.ideascale.com/c/idea/103906,https://studentreader.io,https://youtu.be/c2CYkdF-j-U
https://cardano.IdeaScale.com/c/idea/105120,https://studentreader.io/,https://youtu.be/tB0-_FkKKzg
https://cardano.ideascale.com/c/idea/105123,https://studentreader.io,https://youtu.be/KDm-ADTj9PU
https://cardano.ideascale.com/c/idea/104679,,https://youtu.be/hm9JocbMGAI
https://cardano.ideascale.com/c/idea/101078,https://discord.com/invite/fe5JCGwrcr,https://youtu.be/gYtjrzjnrK8
https://cardano.ideascale.com/c/idea/106104,https://miverse.io,https://youtu.be/JrpPm9CRSGw
https://cardano.ideascale.com/c/idea/106775,www.txpipe.io,https://youtu.be/2iHVWN6Il3s
https://cardano.ideascale.com/c/idea/104281,https://youtu.be/uVY5fRDX2fw,https://youtu.be/7p20W-ISvos
https://cardano.ideascale.com/c/idea/107300,https://gadiac.asia/whiteboardcardano/,https://youtu.be/6fIIrq9dGaU
https://cardano.ideascale.com/c/idea/105426,https://www.cardano2vn.io/,https://youtu.be/_Kd265hZrI0
https://cardano.ideascale.com/c/idea/106063,https://linktr.ee/edify_collabs,https://youtu.be/YL4Jc1S4Dy8
https://cardano.ideascale.com/c/idea/106286,,https://youtu.be/Hrn8G5E9CBU
https://cardano.ideascale.com/c/idea/104572,,https://youtu.be/GLzRBCpUj_A
https://cardano.ideascale.com/c/idea/106730,www.radicalecosystems.com,https://youtu.be/dzD0QjKmdvw
https://cardano.ideascale.com/c/idea/103526,https://blinklabs.io/,https://youtu.be/tICNrvLamGk
https://cardano.ideascale.com/c/idea/102594,https://gamechanger.finance/,https://youtu.be/VLnocH7P2wc
https://cardano.ideascale.com/c/idea/103962,https://gamechanger.finance/,https://youtu.be/zVEtT8HjhDE
https://cardano.ideascale.com/c/idea/105570,https://linktr.ee/adalink_io,https://youtu.be/fMQxWVbTmkI
https://cardano.ideascale.com/c/idea/104411,www.demeter.run,https://youtu.be/_83yxcCi36Q
https://cardano.ideascale.com/c/idea/106503,https://www.geniusyield.co/,https://youtu.be/FXRPz2QYL2A
https://cardano.ideascale.com/c/idea/107116,https://www.geniusyield.co/,https://youtu.be/S5rO1DApVsk
https://cardano.ideascale.com/c/idea/106412,@GeniusyieldO,https://youtu.be/OgXGR80Wj3E
https://cardano.ideascale.com/c/idea/102456,,https://youtu.be/Gj2eLHuyIhY
https://cardano.ideascale.com/c/idea/101958,https://www.remostarts.com/login,https://youtu.be/l_yqzW1qhxY
https://cardano.ideascale.com/c/idea/106292,https://linktr.ee/edify_collabs,https://youtu.be/M6GcBxfyE5A
https://cardano.ideascale.com/c/idea/102983,,https://youtu.be/mAt9JBzii4c
https://cardano.ideascale.com/c/idea/106445,,https://youtu.be/5-zYcqq61vE
https://cardano.ideascale.com/c/idea/107143,,https://youtu.be/BPt_S-Pk5hs
https://cardano.ideascale.com/c/idea/102247,https://socious.io,https://youtu.be/mWeMxw9aDcI
https://cardano.ideascale.com/c/idea/100705,http://demu.pro,https://youtu.be/joHkHWGS_lU
https://cardano.ideascale.com/c/idea/104138,Www.TrustLevel.io ,https://youtu.be/dKK18g0WaIU
https://cardano.ideascale.com/c/idea/104407,,https://youtu.be/0cHWTkJlcSw
https://cardano.ideascale.com/c/idea/102107,https://www.youtube.com/@whiteboard.social,https://youtu.be/Bgqp086cFYo
https://cardano.ideascale.com/c/idea/102243,https://event.plats.network,https://youtu.be/VXchvkFj_t0
https://cardano.ideascale.com/c/idea/104245 ,,https://youtu.be/TtpbEQiTFow
https://cardano.ideascale.com/c/idea/100637,https://consenz.io,https://youtu.be/S60-T8U23h4
https://cardano.ideascale.com/c/idea/103904,https://youtu.be/D7qwGMzR-_M,https://youtu.be/L69F_K2rmBg
https://cardano.ideascale.com/c/idea/106257,,https://youtu.be/V68kYWAGqJY
https://cardano.ideascale.com/c/idea/105710,,https://youtu.be/7SkeGBINmZU
https://cardano.ideascale.com/c/idea/107721,orbis86.com,https://youtu.be/aApd94UKTIc
https://cardano.ideascale.com/c/idea/105362,,https://youtu.be/mQAOtDNgKSQ
https://cardano.ideascale.com/c/idea/100117,https://ugm.ac.id/,https://youtu.be/HBsoZWL0J-s
https://cardano.ideascale.com/c/idea/100210,https://ugm.ac.id/,https://youtu.be/Vi7-X_FlvCk
https://cardano.ideascale.com/c/idea/105012,https://learnershape.gitbook.io/learnershape-skillsgraph/,https://youtu.be/XMvSs8GzW34